seed,source,pillar,lang
k-12 edtech startup vietnam,sector_x_modifier,Education,en
k-12 edtech startup ideas vietnam,sector_x_modifier,Education,en
k-12 edtech founders vietnam,sector_x_modifier,Education,en
k-12 edtech investors vietnam,sector_x_modifier,Education,en
k-12 edtech market opportunity vietnam,sector_x_modifier,Education,en
english learning startup vietnam,sector_x_modifier,Education,en
english learning startup ideas vietnam,sector_x_modifier,Education,en
english learning founders vietnam,sector_x_modifier,Education,en
english learning investors vietnam,sector_x_modifier,Education,en
english learning market opportunity vietnam,sector_x_modifier,Education,en
vocational training startup vietnam,sector_x_modifier,Education,en
vocational training startup ideas vietnam,sector_x_modifier,Education,en
vocational training founders vietnam,sector_x_modifier,Education,en
vocational training investors vietnam,sector_x_modifier,Education,en
vocational training market opportunity vietnam,sector_x_modifier,Education,en
university prep startup vietnam,sector_x_modifier,Vietnam-Market,en
university prep startup ideas vietnam,sector_x_modifier,Vietnam-Market,en
university prep founders vietnam,sector_x_modifier,Vietnam-Market,en
university prep investors vietnam,sector_x_modifier,Vietnam-Market,en
university prep market opportunity vietnam,sector_x_modifier,Vietnam-Market,en
corporate ld startup vietnam,sector_x_modifier,Vietnam-Market,en
corporate ld startup ideas vietnam,sector_x_modifier,Vietnam-Market,en
corporate ld founders vietnam,sector_x_modifier,Vietnam-Market,en
corporate ld investors vietnam,sector_x_modifier,Vietnam-Market,en
corporate ld market opportunity vietnam,sector_x_modifier,Vietnam-Market,en
coding bootcamps startup vietnam,sector_x_modifier,Education,en
coding bootcamps startup ideas vietnam,sector_x_modifier,Education,en
coding bootcamps founders vietnam,sector_x_modifier,Education,en
coding bootcamps investors vietnam,sector_x_modifier,Education,en
coding bootcamps market opportunity vietnam,sector_x_modifier,Education,en
stem education startup vietnam,sector_x_modifier,Education,en
stem education startup ideas vietnam,sector_x_modifier,Education,en
stem education founders vietnam,sector_x_modifier,Education,en
stem education investors vietnam,sector_x_modifier,Education,en
stem education market opportunity vietnam,sector_x_modifier,Education,en
creative education startup vietnam,sector_x_modifier,Education,en
creative education startup ideas vietnam,sector_x_modifier,Education,en
creative education founders vietnam,sector_x_modifier,Education,en
creative education investors vietnam,sector_x_modifier,Education,en
creative education market opportunity vietnam,sector_x_modifier,Education,en
health insurtech startup vietnam,sector_x_modifier,Insurance,en
health insurtech startup ideas vietnam,sector_x_modifier,Insurance,en
health insurtech founders vietnam,sector_x_modifier,Insurance,en
health insurtech investors vietnam,sector_x_modifier,Insurance,en
health insurtech market opportunity vietnam,sector_x_modifier,Insurance,en
auto insurance startup vietnam,sector_x_modifier,Insurance,en
auto insurance startup ideas vietnam,sector_x_modifier,Insurance,en
auto insurance founders vietnam,sector_x_modifier,Insurance,en
auto insurance investors vietnam,sector_x_modifier,Insurance,en
auto insurance market opportunity vietnam,sector_x_modifier,Insurance,en
life insurance startup vietnam,sector_x_modifier,Insurance,en
life insurance startup ideas vietnam,sector_x_modifier,Insurance,en
life insurance founders vietnam,sector_x_modifier,Insurance,en
life insurance investors vietnam,sector_x_modifier,Insurance,en
life insurance market opportunity vietnam,sector_x_modifier,Insurance,en
sme b2b insurance startup vietnam,sector_x_modifier,Insurance,en
sme b2b insurance startup ideas vietnam,sector_x_modifier,Insurance,en
sme b2b insurance founders vietnam,sector_x_modifier,Insurance,en
sme b2b insurance investors vietnam,sector_x_modifier,Insurance,en
sme b2b insurance market opportunity vietnam,sector_x_modifier,Insurance,en
microinsurance startup vietnam,sector_x_modifier,Insurance,en
microinsurance startup ideas vietnam,sector_x_modifier,Insurance,en
microinsurance founders vietnam,sector_x_modifier,Insurance,en
microinsurance investors vietnam,sector_x_modifier,Insurance,en
microinsurance market opportunity vietnam,sector_x_modifier,Insurance,en
travel insurance startup vietnam,sector_x_modifier,Insurance,en
travel insurance startup ideas vietnam,sector_x_modifier,Insurance,en
travel insurance founders vietnam,sector_x_modifier,Insurance,en
travel insurance investors vietnam,sector_x_modifier,Insurance,en
travel insurance market opportunity vietnam,sector_x_modifier,Insurance,en
urban mobility startup vietnam,sector_x_modifier,Urban,en
urban mobility startup ideas vietnam,sector_x_modifier,Urban,en
urban mobility founders vietnam,sector_x_modifier,Urban,en
urban mobility investors vietnam,sector_x_modifier,Urban,en
urban mobility market opportunity vietnam,sector_x_modifier,Urban,en
last-mile delivery startup vietnam,sector_x_modifier,Urban,en
last-mile delivery startup ideas vietnam,sector_x_modifier,Urban,en
last-mile delivery founders vietnam,sector_x_modifier,Urban,en
last-mile delivery investors vietnam,sector_x_modifier,Urban,en
last-mile delivery market opportunity vietnam,sector_x_modifier,Urban,en
smart parking startup vietnam,sector_x_modifier,Urban,en
smart parking startup ideas vietnam,sector_x_modifier,Urban,en
smart parking founders vietnam,sector_x_modifier,Urban,en
smart parking investors vietnam,sector_x_modifier,Urban,en
smart parking market opportunity vietnam,sector_x_modifier,Urban,en
real estate tech startup vietnam,sector_x_modifier,Urban,en
real estate tech startup ideas vietnam,sector_x_modifier,Urban,en
real estate tech founders vietnam,sector_x_modifier,Urban,en
real estate tech investors vietnam,sector_x_modifier,Urban,en
real estate tech market opportunity vietnam,sector_x_modifier,Urban,en
coliving startup vietnam,sector_x_modifier,Urban,en
coliving startup ideas vietnam,sector_x_modifier,Urban,en
coliving founders vietnam,sector_x_modifier,Urban,en
coliving investors vietnam,sector_x_modifier,Urban,en
coliving market opportunity vietnam,sector_x_modifier,Urban,en
smart building startup vietnam,sector_x_modifier,Urban,en
smart building startup ideas vietnam,sector_x_modifier,Urban,en
smart building founders vietnam,sector_x_modifier,Urban,en
smart building investors vietnam,sector_x_modifier,Urban,en
smart building market opportunity vietnam,sector_x_modifier,Urban,en
waste management tech startup vietnam,sector_x_modifier,Urban,en
waste management tech startup ideas vietnam,sector_x_modifier,Urban,en
waste management tech founders vietnam,sector_x_modifier,Urban,en
waste management tech investors vietnam,sector_x_modifier,Urban,en
waste management tech market opportunity vietnam,sector_x_modifier,Urban,en
urban logistics startup vietnam,sector_x_modifier,Urban,en
urban logistics startup ideas vietnam,sector_x_modifier,Urban,en
urban logistics founders vietnam,sector_x_modifier,Urban,en
urban logistics investors vietnam,sector_x_modifier,Urban,en
urban logistics market opportunity vietnam,sector_x_modifier,Urban,en
telehealth startup vietnam,sector_x_modifier,Health,en
telehealth startup ideas vietnam,sector_x_modifier,Health,en
telehealth founders vietnam,sector_x_modifier,Health,en
telehealth investors vietnam,sector_x_modifier,Health,en
telehealth market opportunity vietnam,sector_x_modifier,Health,en
mental wellness startup vietnam,sector_x_modifier,Vietnam-Market,en
mental wellness startup ideas vietnam,sector_x_modifier,Vietnam-Market,en
mental wellness founders vietnam,sector_x_modifier,Vietnam-Market,en
mental wellness investors vietnam,sector_x_modifier,Vietnam-Market,en
mental wellness market opportunity vietnam,sector_x_modifier,Vietnam-Market,en
diagnostics tech startup vietnam,sector_x_modifier,Health,en
diagnostics tech startup ideas vietnam,sector_x_modifier,Health,en
diagnostics tech founders vietnam,sector_x_modifier,Health,en
diagnostics tech investors vietnam,sector_x_modifier,Health,en
diagnostics tech market opportunity vietnam,sector_x_modifier,Health,en
pharmacy tech startup vietnam,sector_x_modifier,Health,en
pharmacy tech startup ideas vietnam,sector_x_modifier,Health,en
pharmacy tech founders vietnam,sector_x_modifier,Health,en
pharmacy tech investors vietnam,sector_x_modifier,Health,en
pharmacy tech market opportunity vietnam,sector_x_modifier,Health,en
elder care tech startup vietnam,sector_x_modifier,Health,en
elder care tech startup ideas vietnam,sector_x_modifier,Health,en
elder care tech founders vietnam,sector_x_modifier,Health,en
elder care tech investors vietnam,sector_x_modifier,Health,en
elder care tech market opportunity vietnam,sector_x_modifier,Health,en
maternal health startup vietnam,sector_x_modifier,Health,en
maternal health startup ideas vietnam,sector_x_modifier,Health,en
maternal health founders vietnam,sector_x_modifier,Health,en
maternal health investors vietnam,sector_x_modifier,Health,en
maternal health market opportunity vietnam,sector_x_modifier,Health,en
fitness tech startup vietnam,sector_x_modifier,Health,en
fitness tech startup ideas vietnam,sector_x_modifier,Health,en
fitness tech founders vietnam,sector_x_modifier,Health,en
fitness tech investors vietnam,sector_x_modifier,Health,en
fitness tech market opportunity vietnam,sector_x_modifier,Health,en
nutrition tech startup vietnam,sector_x_modifier,Health,en
nutrition tech startup ideas vietnam,sector_x_modifier,Health,en
nutrition tech founders vietnam,sector_x_modifier,Health,en
nutrition tech investors vietnam,sector_x_modifier,Health,en
nutrition tech market opportunity vietnam,sector_x_modifier,Health,en
creator economy startup vietnam,sector_x_modifier,Culture,en
creator economy startup ideas vietnam,sector_x_modifier,Culture,en
creator economy founders vietnam,sector_x_modifier,Culture,en
creator economy investors vietnam,sector_x_modifier,Culture,en
creator economy market opportunity vietnam,sector_x_modifier,Culture,en
streaming platforms startup vietnam,sector_x_modifier,Culture,en
streaming platforms startup ideas vietnam,sector_x_modifier,Culture,en
streaming platforms founders vietnam,sector_x_modifier,Culture,en
streaming platforms investors vietnam,sector_x_modifier,Culture,en
streaming platforms market opportunity vietnam,sector_x_modifier,Culture,en
local tourism tech startup vietnam,sector_x_modifier,Culture,en
local tourism tech startup ideas vietnam,sector_x_modifier,Culture,en
local tourism tech founders vietnam,sector_x_modifier,Culture,en
local tourism tech investors vietnam,sector_x_modifier,Culture,en
local tourism tech market opportunity vietnam,sector_x_modifier,Culture,en
heritage tech startup vietnam,sector_x_modifier,Culture,en
heritage tech startup ideas vietnam,sector_x_modifier,Culture,en
heritage tech founders vietnam,sector_x_modifier,Culture,en
heritage tech investors vietnam,sector_x_modifier,Culture,en
heritage tech market opportunity vietnam,sector_x_modifier,Culture,en
indie publishing startup vietnam,sector_x_modifier,Culture,en
indie publishing startup ideas vietnam,sector_x_modifier,Culture,en
indie publishing founders vietnam,sector_x_modifier,Culture,en
indie publishing investors vietnam,sector_x_modifier,Culture,en
indie publishing market opportunity vietnam,sector_x_modifier,Culture,en
b2b saas startup vietnam,sector_x_modifier,Vietnam-Market,en
b2b saas startup ideas vietnam,sector_x_modifier,Vietnam-Market,en
b2b saas founders vietnam,sector_x_modifier,Vietnam-Market,en
b2b saas investors vietnam,sector_x_modifier,Vietnam-Market,en
b2b saas market opportunity vietnam,sector_x_modifier,Vietnam-Market,en
marketplace platforms startup vietnam,sector_x_modifier,Vietnam-Market,en
marketplace platforms startup ideas vietnam,sector_x_modifier,Vietnam-Market,en
marketplace platforms founders vietnam,sector_x_modifier,Vietnam-Market,en
marketplace platforms investors vietnam,sector_x_modifier,Vietnam-Market,en
marketplace platforms market opportunity vietnam,sector_x_modifier,Vietnam-Market,en
ai-native saas startup vietnam,sector_x_modifier,Vietnam-Market,en
ai-native saas startup ideas vietnam,sector_x_modifier,Vietnam-Market,en
ai-native saas founders vietnam,sector_x_modifier,Vietnam-Market,en
ai-native saas investors vietnam,sector_x_modifier,Vietnam-Market,en
ai-native saas market opportunity vietnam,sector_x_modifier,Vietnam-Market,en
fintech startup vietnam,sector_x_modifier,Vietnam-Market,en
fintech startup ideas vietnam,sector_x_modifier,Vietnam-Market,en
fintech founders vietnam,sector_x_modifier,Vietnam-Market,en
fintech investors vietnam,sector_x_modifier,Vietnam-Market,en
fintech market opportunity vietnam,sector_x_modifier,Vietnam-Market,en
agritech startup vietnam,sector_x_modifier,Vietnam-Market,en
agritech startup ideas vietnam,sector_x_modifier,Vietnam-Market,en
agritech founders vietnam,sector_x_modifier,Vietnam-Market,en
agritech investors vietnam,sector_x_modifier,Vietnam-Market,en
agritech market opportunity vietnam,sector_x_modifier,Vietnam-Market,en
business model canvas explained,framework_x_question,Methodology,en
business model canvas what is,framework_x_question,Methodology,en
business model canvas example vietnam,framework_x_question,Methodology,en
value proposition canvas explained,framework_x_question,Methodology,en
value proposition canvas what is,framework_x_question,Methodology,en
value proposition canvas example vietnam,framework_x_question,Methodology,en
total risk reduced trr explained,framework_x_question,Methodology,en
total risk reduced trr what is,framework_x_question,Methodology,en
total risk reduced trr example vietnam,framework_x_question,Methodology,en
blue ocean strategy canvas explained,framework_x_question,Methodology,en
blue ocean strategy canvas what is,framework_x_question,Methodology,en
blue ocean strategy canvas example vietnam,framework_x_question,Methodology,en
four actions framework explained,framework_x_question,Methodology,en
four actions framework what is,framework_x_question,Methodology,en
four actions framework example vietnam,framework_x_question,Methodology,en
shape up methodology explained,framework_x_question,Methodology,en
shape up methodology what is,framework_x_question,Methodology,en
shape up methodology example vietnam,framework_x_question,Methodology,en
jobs to be done jtbd explained,framework_x_question,Methodology,en
jobs to be done jtbd what is,framework_x_question,Methodology,en
jobs to be done jtbd example vietnam,framework_x_question,Methodology,en
lean startup loop explained,framework_x_question,Methodology,en
lean startup loop what is,framework_x_question,Methodology,en
lean startup loop example vietnam,framework_x_question,Methodology,en
north star metric explained,framework_x_question,Methodology,en
north star metric what is,framework_x_question,Methodology,en
north star metric example vietnam,framework_x_question,Methodology,en
strategyzer experiment library explained,framework_x_question,Methodology,en
strategyzer experiment library what is,framework_x_question,Methodology,en
strategyzer experiment library example vietnam,framework_x_question,Methodology,en
how to validate b2b saas idea,problem_x_validation,Methodology,en
validation playbook b2b saas idea,problem_x_validation,Methodology,en
how to validate marketplace idea,problem_x_validation,Methodology,en
validation playbook marketplace idea,problem_x_validation,Methodology,en
how to validate subscription product,problem_x_validation,Methodology,en
validation playbook subscription product,problem_x_validation,Methodology,en
how to validate freemium app,problem_x_validation,Methodology,en
validation playbook freemium app,problem_x_validation,Methodology,en
how to validate hardware mvp,problem_x_validation,Methodology,en
validation playbook hardware mvp,problem_x_validation,Methodology,en
how to validate mobile consumer app,problem_x_validation,Methodology,en
validation playbook mobile consumer app,problem_x_validation,Methodology,en
how to validate ai product,problem_x_validation,Methodology,en
validation playbook ai product,problem_x_validation,Methodology,en
how to validate content platform,problem_x_validation,Methodology,en
validation playbook content platform,problem_x_validation,Methodology,en
how to validate fintech product,problem_x_validation,Methodology,en
validation playbook fintech product,problem_x_validation,Methodology,en
how to validate edtech product,problem_x_validation,Methodology,en
validation playbook edtech product,problem_x_validation,Methodology,en
how to validate healthtech product,problem_x_validation,Methodology,en
validation playbook healthtech product,problem_x_validation,Methodology,en
how to validate logistics product,problem_x_validation,Methodology,en
validation playbook logistics product,problem_x_validation,Methodology,en
how to validate creator tool,problem_x_validation,Methodology,en
validation playbook creator tool,problem_x_validation,Methodology,en
how to validate no-code platform,problem_x_validation,Methodology,en
validation playbook no-code platform,problem_x_validation,Methodology,en
how to validate agency service,problem_x_validation,Methodology,en
validation playbook agency service,problem_x_validation,Methodology,en
how to validate course business,problem_x_validation,Methodology,en
validation playbook course business,problem_x_validation,Methodology,en
how to validate physical product,problem_x_validation,Methodology,en
validation playbook physical product,problem_x_validation,Methodology,en
how to validate community platform,problem_x_validation,Methodology,en
validation playbook community platform,problem_x_validation,Methodology,en
how to validate api product,problem_x_validation,Methodology,en
validation playbook api product,problem_x_validation,Methodology,en
how to validate developer tool,problem_x_validation,Methodology,en
validation playbook developer tool,problem_x_validation,Methodology,en
how to validate vertical saas,problem_x_validation,Methodology,en
validation playbook vertical saas,problem_x_validation,Methodology,en
how to validate horizontal saas,problem_x_validation,Methodology,en
validation playbook horizontal saas,problem_x_validation,Methodology,en
how to validate two-sided marketplace,problem_x_validation,Methodology,en
validation playbook two-sided marketplace,problem_x_validation,Methodology,en
how to validate newsletter business,problem_x_validation,Methodology,en
validation playbook newsletter business,problem_x_validation,Methodology,en
how to validate podcast business,problem_x_validation,Methodology,en
validation playbook podcast business,problem_x_validation,Methodology,en
how to validate membership site,problem_x_validation,Methodology,en
validation playbook membership site,problem_x_validation,Methodology,en
how to validate consumer hardware,problem_x_validation,Methodology,en
validation playbook consumer hardware,problem_x_validation,Methodology,en
how to validate wearable product,problem_x_validation,Methodology,en
validation playbook wearable product,problem_x_validation,Methodology,en
how to validate iot product,problem_x_validation,Methodology,en
validation playbook iot product,problem_x_validation,Methodology,en
how to validate deep tech idea,problem_x_validation,Methodology,en
validation playbook deep tech idea,problem_x_validation,Methodology,en
trr model cach chung toi quyet dinh rot tien,content_bank_vn,Methodology,vi
tai sao chung toi giet y tuong truoc khi dau tu,content_bank_vn,Methodology,vi
bang chung thay cho cam tinh cach danh gia startup khong dung pitch deck,content_bank_vn,Methodology,vi
5 cau hoi truoc khi ban bo 1 dong vao startup,content_bank_vn,Methodology,vi
blue ocean strategy cho nguoi viet tim bien xanh trong bien do,content_bank_vn,Methodology,vi
experiment playbook 101 cach kiem chung y tuong bang 500,content_bank_vn,Methodology,vi
shape up cho startup tai sao chung toi khong dung agile,content_bank_vn,Methodology,vi
anatomy of a validated deal investor nhan duoc gi tu osr,content_bank_vn,Methodology,vi
value proposition canvas cong cu ma moi founder nen biet,content_bank_vn,Methodology,vi
kiem chung chua du ky - sai lam 1 khien startup that bai,content_bank_vn,Methodology,vi
post-mortem mot y tuong chung toi da kill va tai sao,content_bank_vn,Vietnam-Market,vi
tu stealth den public tai sao chung toi im lang 1 nam,content_bank_vn,Vietnam-Market,vi
tuan dau tien chay experiment chuyen gi xay ra,content_bank_vn,Vietnam-Market,vi
cach chung toi chon 5 sectors de dat cuoc 10 nam,content_bank_vn,Vietnam-Market,vi
osr internal cach team tranh luan ve 1 y tuong,content_bank_vn,Vietnam-Market,vi
building an ai validation system lessons from the trenches,content_bank_vn,Vietnam-Market,vi
so lieu that bao nhieu tien de validate 1 y tuong,content_bank_vn,Vietnam-Market,vi
tai sao chung toi khong thu phi founder,content_bank_vn,Vietnam-Market,vi
accelerator o viet nam dang thu phi sai nguoi,content_bank_vn,Vietnam-Market,vi
nha dau tu dang danh gia founder bang charisma khong phai bang chung,content_bank_vn,Vietnam-Market,vi
80 startup fail - nhung khong phai vi y tuong te,content_bank_vn,Vietnam-Market,vi
pitch deck nen bi cam trong vong seed,content_bank_vn,Vietnam-Market,vi
viet nam dang ngoi tren 5 blue oceans ma khong ai khai thac,content_bank_vn,Vietnam-Market,vi
chung toi bo tien vao truoc hoi sau - va day la ly do,content_bank_vn,Vietnam-Market,vi
startup viet nam khong can them mentor - can nguoi cung lam,content_bank_vn,Vietnam-Market,vi
neu y tuong cua ban khong song sot duoc 20 trieu dong thi nghiem no khong dang 3 ty dau tu,content_bank_vn,Vietnam-Market,vi
deal flow o viet nam thieu minh bach - va do la co hoi,content_bank_vn,Vietnam-Market,vi
ban khong can nha dau tu - ban can doi tac xin so,content_bank_vn,Vietnam-Market,vi
template 3-5 tin startup vn moi tuan,content_bank_vn,Vietnam-Market,vi
deep-cut 1 sector vn dang thay doi im lang,content_bank_vn,Vietnam-Market,vi
we dont hire resumes we hire obsessions,content_bank_vn,Vietnam-Market,vi
a day inside a validation studio,content_bank_vn,Vietnam-Market,vi
9 values ma nghe ky - cho den khi ban lam o day,content_bank_vn,Vietnam-Market,vi
tai sao chung toi cho phep nguoi ta pha vo moi thu,content_bank_vn,Vietnam-Market,vi
the anti-job-post day la van de chung toi can giai - ban co muon khong,content_bank_vn,Vietnam-Market,vi
how to validate startup idea vietnam,audience_icp,Methodology,en
startup validation framework,audience_icp,Methodology,en
trr total risk reduced explained,audience_icp,Methodology,en
how to find co-investor vietnam,audience_icp,Methodology,en
evidence based startup investing,audience_icp,Methodology,en
convince investor with data not pitch,audience_icp,Methodology,en
kill startup idea framework,audience_icp,Methodology,en
validate fintech idea vietnam,audience_icp,Methodology,en
validate edtech idea vietnam,audience_icp,Methodology,en
validate marketplace idea vietnam,audience_icp,Methodology,en
vietnam startup deal flow,audience_icp,Methodology,en
vietnam seed investor list,audience_icp,Methodology,en
pre-validated startup deals vietnam,audience_icp,Methodology,en
vietnam venture studio model,audience_icp,Methodology,en
co-investment vietnam angel,audience_icp,Methodology,en
business model canvas vietnam example,audience_icp,Methodology,en
blue ocean strategy vietnam,audience_icp,Methodology,en
shape up methodology vietnam startup,audience_icp,Methodology,en
lean startup validation experiments,audience_icp,Methodology,en
experiment library strategyzer vietnam,audience_icp,Methodology,en
